expid,peakid,year,season,host,route1,route2,route3,route4,nation,leaders,sponsor,success1,success2,success3,success4,ascent1,ascent2,ascent3,ascent4,claimed,disputed,countries,approach,bcdate,smtdate,smttime,smtdays,totdays,termdate,termreason,termnote,highpoint,traverse,ski,parapente,camps,rope,totmembers,smtmembers,mdeaths,tothired,smthired,hdeaths,nohired,o2used,o2none,o2climb,o2descent,o2sleep,o2medical,o2taken,o2unkwn,othersmts,campsites,accidents,achievment,agency,comrte,stdrte,primrte,primmem,primref,primid,chksum
ANN260101,ANN2,1960,Spring,Nepal,NW Ridge-W Ridge,,,,UK,J. O. M. Roberts,,True,False,False,False,1st,,,,False,False,"India, Nepal",Marshyangdi->Hongde->Sabje Khola,1960-03-15,1960-05-17,1530.0,63.0,,,Success (main peak),,7937,False,False,False,6,0,10,2,0,9,1,0,False,True,False,True,False,True,False,False,False,Climbed Annapurna IV (ANN4-601-01),"BC(15/03,3350m),ABC(4575m),C1(5365m),C2(5800m),C3(26/04,6400m),C4(30/04,6900m),C5(15/05,7270m),C6(16/05,7200m),Smt(17/05)",,,,False,False,False,False,False,,2442047
ANN269301,ANN2,1969,Autumn,Nepal,NW Ridge-W Ridge,,,,Yugoslavia,Ales Kunaver,Mountaineering Club of Slovenia,True,False,False,False,2nd,,,,False,False,,Marshyangdi->Hongde->Sabje Khola,1969-09-25,1969-10-22,1800.0,27.0,31.0,1969-10-26,Success (main peak),,7937,False,False,False,6,0,10,2,0,0,0,0,False,False,True,False,False,False,False,False,False,Climbed Annapurna IV (ANN4-693-02),"LowBC(25/09,3950m),BC(27/09,4650m),C1(27/09,5300m),C2(6000m),C3(6400m),C4,C5(7350m),C6(7250m),Smt(22/10)",Draslar frostbitten hands and feet,,,False,False,False,False,False,,2445501
ANN273101,ANN2,1973,Spring,Nepal,W Ridge-N Face,,,,Japan,Yukio Shimamura,Sangaku Doshikai Annapurna II Expedition 1973,True,False,False,False,3rd,,,,False,False,,Marshyangdi->Pisang->Salatang Khola,1973-03-16,1973-05-06,2030.0,51.0,,,Success (main peak),,7937,False,False,False,5,0,6,1,0,8,0,0,False,False,True,False,False,False,False,False,False,,"BC(16/03,3300m),C1(21/03,4200m),C2(10/04,5000m),C3(14/04,6000m),C4(23/04,6750m),C5(04/05,7300m),Smt(06/05)",,,,False,False,False,False,False,,2446797
ANN278301,ANN2,1978,Autumn,Nepal,N Face-W Ridge,,,,UK,Richard J. Isherwood,British Annapurna II Expedition,False,False,False,False,,,,,False,False,,Marshyangdi->Pisang->Salatang Khola,1978-09-08,1978-10-02,,24.0,27.0,1978-10-05,"Bad weather (storms, high winds)",Abandoned at 7000m (on A-IV) due to bad weather,7000,False,False,False,0,0,2,0,0,0,0,0,True,False,True,False,False,False,False,False,False,,"BC(08/09,5190m),xxx(02/10,7000m)",,,,False,False,False,False,False,,2448822
ANN279301,ANN2,1979,Autumn,Nepal,N Face-W Ridge,NW Ridge of A-IV,,,UK,Paul Moores,,False,False,False,False,,,,,False,False,,Pokhara->Marshyangdi->Pisang->Sabje Khola,,1979-10-18,,,,1979-10-20,"Bad weather (storms, high winds)",Abandoned at 7160m due to high winds,7160,False,False,False,0,0,3,0,0,0,0,0,True,False,True,False,False,False,False,False,False,,"BC(3500m),ABC,Biv1,Biv2,Biv3,Biv4,Biv5,xxx(18/10,7160m)",,,,False,False,False,False,False,,2449204
ANN280101,ANN2,1980,Spring,Nepal,N Face-W Ridge,,,,Japan,Ikuo Tanabe,Japan-Kamiichi Hoskai Himalaya Expedition,False,False,False,False,,,,,False,False,,Marshyangdi->Pisang->Salatang Khola,1980-03-25,1980-04-24,,30.0,37.0,1980-05-01,Accident (death or serious injury),Abandoned at 7000m due to fatal accident,7000,False,False,False,4,0,6,0,1,2,0,0,False,False,True,False,False,False,False,False,False,,"BC(25/03,3500m),C1(27/03,4200m),C2(01/04,5200m),C3(12/04,6300m),C4(24/04,7000m),xxx(26/04,7000m)",Tanabe (leader) killed by fall,,,False,False,False,False,False,,2449394
ANN280102,ANN2,1980,Spring,Nepal,SE Spur (to 6000m),S Face-W Ridge (to 7250m),,,Poland,Jerzy Michalski,Lodz Himalayan Expedition,False,False,False,False,,,,,False,False,,Madi Khola->Hogagoth,1980-04-09,1980-05-08,,29.0,,,Accident (death or serious injury),Abandoned at 7250m due to injuries by avalanche,7250,False,False,False,4,0,7,0,0,2,0,0,False,False,True,False,False,False,False,True,False,,"BC(09/04,3200m),ABC(11/04,4020m),C1(14/04,4800m),C2(5500m),C3(6200m),C4(07/05,7000m),xxx(08/05,7250m)",Injuries by avalanche,,,False,False,False,False,False,,2449408
ANN281302,ANN2,1981,Autumn,Nepal,NW Ridge-W Ridge,,,,Italy,Arturo Bergamaschi,Italian Expedition Annapurna II-IV (Italian Alpine Club),False,False,False,False,,,,,False,False,,Dumre->Marshyangdi->Pisang->Salatang Khola,1981-09-04,1981-09-23,,19.0,,,"Bad weather (storms, high winds)",Abandoned at 6400m due to snowstorm,6400,False,False,False,3,0,19,0,0,0,0,0,True,False,True,False,False,False,False,True,False,Attempted Annapurna IV (ANN4-813-01),"BC(04/09,3850m),C1(08/09,5305m),C2(17/09,5825m),C3(23/09,6400m),xxx(6400m)",,,,False,False,False,False,False,,2449912
ANN281301,ANN2,1981,Autumn,Nepal,S Ridge/SE Face,,,,Japan,Nobuo Kuwahara,Osaka Annapurna II Expedition 1981 (Osaka Climbers Club),False,False,False,False,,,,,False,False,,Madi Khola->Hogagoth,1981-09-04,1981-10-11,,37.0,43.0,1981-10-17,Accident (death or serious injury),Abandoned at 7400m due to fatal accident,7400,False,False,False,5,0,9,0,1,3,0,0,False,False,True,False,False,False,False,True,False,,"BC(04/09,2600m),Dep(08/09,3400m),ABC(11/09,4000m),C1(16/09,4700m),C2(20/09,5300m),C3(23/09,5900m),C4(30/09,6400m),C5(07/10,7090m),xxx(11/10,7400m)",Icikawa killed by 500m fall at 7400m,,,False,False,False,False,False,,2449930
ANN282301,ANN2,1982,Autumn,Nepal,S Face,,,,Japan,Kazuhiko Yamada,Shinshu University Academic Alpine Club Annapurna II Expedition,False,False,False,False,,,,,False,False,,Madi Khola->Hogagoth,1982-09-14,1982-10-04,,20.0,24.0,1982-10-08,"Bad weather (storms, high winds)",Abandoned at 7350m due to bad weather,7350,False,False,False,5,700,5,0,0,0,0,0,True,False,True,False,False,False,False,False,False,,"TempBC(06/09,2600m),BC(14/09,4000m),C1(20/09,4800m),C2(22/09,5200m),C3(26/09,5800m),C4(01/10,6500m),C5(03/10,7050m),xxx(04/10,7350m)",,,,False,False,False,False,False,,2450289
ANN283101,ANN2,1983,Spring,Nepal,N Face-W Ridge,,,,Austria,Robert Schauer,,False,False,False,False,,,,,False,False,,Marshyangdi->Hongde->Sabje Khola,1983-04-11,1983-05-05,,24.0,25.0,1983-05-06,Accident (death or serious injury),"Abandoned at 7450m due to fatal accident, bad weather",7450,False,False,False,3,0,5,0,1,0,0,0,False,False,True,False,False,False,False,False,False,,"BC(12/04,4600m),C1(22/04,5700m),C2(28/04,6400m),C3(30/04,7000m),xxx(05/05,7450m)",Klaus Schlammberger killed (possibly by fall while skiing during wind storm),,,False,False,False,False,False,,2450503
ANN283301,ANN2,1983,Autumn,Nepal,S Face-S Spur,,,,Australia,Timothy Macartney-Snape,Australian Annapurna II Expedition,True,False,False,False,4th,,,,False,False,,Madi Khola->Hogagoth,1983-08-19,1983-10-08,1330.0,50.0,58.0,1983-10-16,Success (main peak),,7937,False,False,False,3,0,5,4,0,3,0,0,False,False,True,False,False,False,False,False,False,,"BC(19/08,2600m),ABC(20/08,3700m),C1(05/09,4875m),C2(16/09,6500m),C3(30/09,7100m),Biv(06/10,7600m),Smt(08/10)",,,Kunga,False,False,False,False,False,,2450659
ANN283302,ANN2,1983,Autumn,Nepal,N Face-W Ridge,,,,S Korea,Chung Sang-Mo,1983 Annapurna II Expedition of Yeung Nam Univ Alpine Club,False,False,False,False,,,,,False,False,,Marshyangdi->Pisang->Salatang Khola,1983-09-01,1983-10-08,,37.0,55.0,1983-10-26,"Bad conditions (deep snow, avalanching, falling ice, or rock)",Abandoned at 7300m due to avalanching,7300,False,False,False,5,0,6,0,0,4,0,0,False,False,True,False,False,False,False,False,False,,"BC(01/09,3800m),C1(04/09,4500m),C2(07/09,5200m),C3(27/09,6200m),C4(01/10,6800m),C5(08/10,7300m),xxx(08/10,7300m)",Chung Sang-Mo (leader) evacuated because of frostbite,,,False,False,False,False,False,,2450659
ANN283401,ANN2,1983,Winter,Nepal,N Face-W Ridge,,,,UK,Ron Rutland,British Annapurna II Winter Expedition,False,False,False,False,,,,,False,False,,,1983-11-25,1983-12-11,,16.0,20.0,1983-12-15,"Bad conditions (deep snow, avalanching, falling ice, or rock)",Abandoned at 5600m due to avalanching,5950,False,False,False,3,0,4,0,0,2,0,0,False,False,True,False,False,False,False,False,False,,"BC(25/11,3650m),C1(01/12,4200m),C2(03/12,5200m),C3(10/12,5600m),xxx(11/12,5950m)",,,Sherpa Cooperative Trekking (SCT),False,False,False,False,False,,2450723
ANN284101,ANN2,1984,Spring,Nepal,S Face,,,,Japan,Kunihiko Kondo,Expedition to S Face of Mt. Annapurna II 1984,False,False,False,False,,,,,False,False,,Madi Khola->Hogagoth,1984-03-13,1984-04-02,,20.0,23.0,1984-04-05,"Bad conditions (deep snow, avalanching, falling ice, or rock)","Abandoned at 6000m due to heavy snowfall, avalanching and lost supplies",6000,False,False,False,2,0,3,0,0,0,0,0,True,False,True,False,False,False,False,False,False,,"BC(13/03,2600m),ABC(24/03,4700m),C1(29/03,5900m),C2(01/04,5800m),xxx(02/04,6000m)","6000m cache destroyed by avalanche, no injuries",,,False,False,False,False,False,,2450837
ANN284301,ANN2,1984,Autumn,Nepal,SW Ridge,,,,Japan,Nobuo Kuwahara,Osaka Annapurna II South Face Expedition,False,False,False,False,,,,,False,False,,Madi Khola->Hogagoth,1984-08-23,1984-09-03,,11.0,34.0,1984-09-26,"Bad conditions (deep snow, avalanching, falling ice, or rock)",Abandoned at 5100m due to falling ice/rock,5100,False,False,False,0,0,4,0,0,2,0,0,False,False,True,False,False,False,False,False,False,,"TempBC(23/08,2600m),Dep(25/08,4000m),BC(31/08,4700m),xxx(03/09,5100m)",None; 'very lucky' and more helmets needed; team too low for frostbite problems,,,False,False,False,False,False,,2450991
ANN285301,ANN2,1985,Autumn,Nepal,S Face,,,,Japan,Masaaki Fuji,Pukuola Tagawa Yamanokai Annapurna II Expedition 1985,False,False,False,False,,,,,False,False,,,1985-09-07,1985-10-05,,28.0,34.0,1985-10-11,"Bad weather (storms, high winds)",Abandoned at 7020m due to bad weather and low food supply,7020,False,False,False,4,0,8,0,0,5,0,0,False,False,True,False,False,False,False,False,False,,"BC(07/09,4500m),C1(10/09,5100m),C2(20/09,5600m),C3(27/09,6200m),C4(04/10,6800m),xxx(05/10,7020m)","C3 hit by avalanche, but no one injured; no other accidents",,,False,False,False,False,False,,2451389
ANN286102,ANN2,1986,Spring,Nepal,N Face-W Ridge,,,,Spain,Jesus Bereziartua,Azpeitia Annapurna II 86,False,False,False,False,,,,,False,False,,Marshyangdi->Pisang,1986-03-26,1986-04-30,,35.0,37.0,1986-05-02,"Bad weather (storms, high winds)",Abandoned at 7000m due to bad weather,7000,False,False,False,3,0,7,0,0,0,0,0,True,False,True,False,False,False,False,False,False,,"BC(26/03,3800m),C1(28/03,4800m),C2(08/04,5500m),C3(13/04,6400m),C4(30/04,7000m),xxx(30/04,7000m)",,1st Spanish attempt,Remote Adventure,False,False,False,False,False,,2451597
ANN286101,ANN2,1986,Spring,Nepal,NW Ridge-W Ridge,,,,USA,"Lucy Smith, Shari Kearney",1986 American Expedition to Annapurna II,False,False,False,False,,,,,False,False,,Marshyangdi->Hongde->Sabje Khola,1986-03-23,1986-05-04,,42.0,46.0,1986-05-08,"Bad weather (storms, high winds)",Abandoned at 7250m due to fierce winds above C3,7250,False,False,False,5,0,9,0,0,0,0,0,True,False,True,False,False,False,False,False,False,,"BC(23/03,3800m),C1(28/03,4665m),C2(07/04,5250m),C3(18/04,5880m),C4(01/05,6340m),C5(03/05,6765m),xxx(04/05,7250m)",,,Mountain Travel,False,False,False,False,False,,2451601
ANN287301,ANN2,1987,Autumn,Nepal,S Face,,,,Japan,Kunihiko Kondo,Okayama Climbing Club Annapurna II SE Face Expedition,False,False,False,False,,,,,False,False,,Madi Khola->Siklis and Hogagoth (lost village),1987-09-15,1987-10-13,,28.0,36.0,1987-10-21,"Route technically too difficult, lack of experience, strength, or motivation","Abandoned at 7500m due to dangerous route, strong cold wind",7500,False,False,False,0,0,2,0,0,0,0,0,True,False,True,False,False,False,False,False,False,,"BC(15/09,2500m),ABC(20/09,4500m),Dep(02/10,6600m),xxx(13/10,7500m)",,,Jai Himal Trekking,False,False,False,False,False,,2452129
ANN290301,ANN2,1990,Autumn,Nepal,N Face,,,,USA,Steven Brimmer,American Annapurna II Expedition,False,False,False,False,,,,,False,False,,,1990-09-22,1990-10-10,,18.0,20.0,1990-10-12,"Bad weather (storms, high winds)","Abandoned at 7200m due to low temperatures, high winds",7200,False,False,False,3,0,7,0,0,4,0,0,False,False,True,False,False,False,False,False,False,,"BC(22/09,4725m),ABC(28/09,5300m),C1(29/09,5800m),C2(02/10,6220m),C3(10/10,7200m),xxx(10/10)",2 Sherpas frostbitten but will heal,,Yangrima,False,False,False,False,False,,2453225
ANN450201,ANN4,1950,Summer,Nepal,NW Ridge,,,,UK,H. W. Tilman,British West Nepal Expedition,False,False,False,False,,,,,False,False,New Zealand,Marshyangdi->Hongde->Sabje Khola,1950-06-04,1950-06-17,,13.0,,,"Bad weather (storms, high winds)",Abandoned at 7300m due to bad weather,7300,False,False,False,4,0,6,0,0,5,0,0,False,False,True,False,False,False,False,False,False,Recon Annapurna II (ANN2-502-01) and Manaslu (MANA-502-01); attempted Kang Guru (KGUR-502-01),"BC(04/06,4575m),C1(07/06,5490m),C2,C3(14/06,6340m),C3(16/06),C4(16/06,6890m),xxx(17/06,7300m)",,,,False,False,False,False,False,,2438460
ANN452301,ANN4,1952,Autumn,Nepal,NW Ridge (recon),,,,Japan,Kinji Imanishi,Japanese Alpine Club (JAC),False,False,False,False,,,,,False,False,,Marshyangdi->Hongde->Sabje Khola,,,,,,,"Bad weather (storms, high winds)",Abandoned at 5700m due to bad weather,5700,False,False,False,0,0,6,0,0,6,0,0,False,False,True,False,False,False,False,False,False,Recon of Manaslu (MANA-523-01) and climbed Chulu West (CHUW-523-01),xxx(5700m),,,,False,False,False,False,False,,5012
ANN453101,ANN4,1953,Spring,Nepal,Reconnaissance from S,,,,UK,Basil R. Goodfellow,,False,False,False,False,,,,,False,False,,Seti Khola->Madi Khola,,,,,,,Did not attempt climb,,0,False,False,False,0,0,2,0,0,0,0,0,True,False,True,False,False,False,False,False,False,Recon of Annapurna II (ANN2-531-01),,,,,False,False,False,False,False,,5013
ANN453301,ANN4,1953,Autumn,Nepal,S Face (recon),NW Ridge,,,Japan,Toshio Imanishi,Academic Alpine Club of the University of Kyoto,False,False,False,False,,,,,False,False,,Marshyangdi->Hongde->Sabje Khola,1953-10-21,,,,14.0,1953-11-04,"Bad weather (storms, high winds)",Abandoned at 7100m due to high winds,7100,False,False,False,6,0,7,0,0,7,0,0,False,False,True,False,False,False,False,False,False,Recon of Annapurna II (ANN2-533-01),"BC(21/10,4030m),C1(22/10,5000m),C2(24/10,5740m),C3(26/10,6100m),C4(31/10,6785m),C5(02/11,7100m),xxx(04/11)",,,,False,False,False,False,False,,5013
ANN455101,ANN4,1955,Spring,Nepal,NW Ridge,,,,W Germany,Heinz Steinmetz,German Nepal Expedition,True,False,False,False,1st,,,,False,False,,Marshyangdi->Hongde->Sabje Khola,1955-05-13,1955-05-30,1730.0,17.0,,,Success (main peak),,7525,False,False,False,4,0,4,3,0,2,0,0,False,False,True,False,False,False,False,False,False,"Climbed Chulu East (CHUE-552-01), Kang Guru (KGUR-552-01), Pisang (PISA-552-01), Dam Kang West, Kang Juri, Lamjung West and Yulo Kang (all 1st ascents); recon Lamjung (LAMJ-551-01)","BC(13/05,4575m),ABC(17/05),C1(19/05,5440m),C2(24/05,6100m),C3(25/05,6460m),Smt(30/05),Biv(7100m)",,,,False,False,False,False,False,,2440273
ANN457101,ANN4,1957,Spring,Nepal,NW Ridge,,,,UK,Charles Evans,,True,False,False,False,2nd,,,,False,False,,Marshyangdi->Hongde->Sabje Khola,1957-04-16,1957-05-05,,19.0,32.0,1957-05-18,Success (main peak),,7525,False,False,False,4,0,2,2,0,4,0,0,False,False,True,False,False,False,False,False,False,Attempted Annapurna II (ANN2-571-01),"BC(16/04,4725m),C1,C2,C3(01/05,6550m),C4(04/05,7000m),Smt(05/05)",,,,False,False,False,False,False,,2440981
ANN460101,ANN4,1960,Spring,Nepal,NW Ridge,,,,UK,J. O. M. Roberts,,True,False,False,False,"3rd,4th",,,,False,False,Nepal,Marshyangdi->Hongde->Sabje Khola,1960-03-15,1960-05-18,,64.0,,,Success (main peak),,7525,False,False,False,5,0,4,3,0,3,3,0,False,False,True,False,False,False,False,False,False,Climbed Annapurna II (ANN2-601-01),"BC(15/03,3350m),ABC(4575m),C1(5365m),C2(5800m),C3(26/04,6400m),C4(30/04,6900m),C5(15/05,7270m),Smt(18-19/05)",,,,False,False,False,True,True,ANN260101,2442093
ANN469301,ANN4,1969,Autumn,Nepal,NW Ridge,,,,Czechoslovakia,Vladimir Prochazka,"Northern Bohemian Mountaineering Club, Libecec, Czechoslovakia",True,False,False,False,5th,,,,False,False,,Marshyangdi->Hongde->Sabje Khola,,1969-10-07,1430.0,,,,Success (main peak),,7525,False,False,False,4,0,9,1,0,1,1,0,False,False,True,False,False,False,False,False,False,,"BC(4000m),C1(5000m),C2(5800m),C3(01/10,6500m),C4(06/10,7100m),Smt(07/10)",,,,False,False,False,False,False,,2445531
ANN469302,ANN4,1969,Autumn,Nepal,N Face-NW Ridge,,,,Yugoslavia,Ales Kunaver,,True,False,False,False,6th,,,,False,False,,Marshyangdi->Hongde->Sabje Khola,1969-09-25,1969-10-21,,26.0,31.0,1969-10-26,Success (main peak),,7525,False,False,False,5,0,10,3,0,0,0,0,False,False,True,False,False,False,False,False,False,Climbed Annapurna II (ANN2-693-01),"LowBC(25/09,3950m),BC(27/09,4650m),C1(27/09,5300m),C2(6000m),C3(6400m),C4,C5(7350m),Smt(10/21/10)",,,,False,False,True,True,True,ANN269301,2445545
ANN470101,ANN4,1970,Spring,Nepal,NW Ridge,,,,Japan,Masahiro Kawakita,Kansai University Alpine Club,True,False,False,False,7th,,,,False,False,,Marshyangdi->Hongde->Sabje Khola,,1970-04-25,,,,,Success (main peak),,7525,False,False,False,4,0,8,2,0,6,0,0,False,False,True,False,False,False,False,False,False,,"BC,C1,C2(19/04,5600m),C3(22/04,5900m),C4(23/04,6450m),Smt(25/04),Biv(25/04,6600m)",,,,False,False,False,False,False,,2445732
ANN474101,ANN4,1974,Spring,Nepal,N Face-E Ridge,,,,W Germany,Peter Bednar,DAV (German Alpine Club),True,False,False,False,"8th,9th",,,,False,False,,Marshyangdi->Hongde->Sabje Khola,1974-03-20,1974-04-26,,37.0,43.0,1974-05-02,Success (main peak),Summited on Apr 26 and again by leader during camp evacuation,7525,False,False,False,4,1500,4,4,0,5,0,0,False,False,True,False,False,False,False,False,False,Attempted Annapurna II (ANN2-741-01) (held permit only for A-II),"BC(20/03,3600m),C1(26/03,4200m),C2(27/03,5050m),C3(14/04,6100m),C4(21/04,6950m),Smt(26/04,01/05)",Leutgaeb and Gruber suffered frostbitten toes after A-IV ascent,,,False,False,True,True,True,ANN274101,2447198
ANN478101,ANN4,1978,Spring,Nepal,NW Ridge,,,,S Korea,Chun Byung-Koo,Korean Alpine Club,True,False,False,False,11th,,,,False,False,,Marshyangdi->Hongde->Sabje Khola (BC),1978-04-07,1978-04-23,1550.0,16.0,21.0,1978-04-28,Success (main peak),,7525,False,False,False,4,0,7,1,0,5,2,0,False,False,True,False,False,False,False,False,False,,"BC(07/04,4000m),C1(09/04,5000m),C2(14/04,5640m),C3(17/04,6200m),C4(20/04,6600m),Biv(22/04,6900m),Smt(23/04)",Summiters fell 500 feet on descent,,,False,False,False,False,False,,2448660
ANN479301,ANN4,1979,Autumn,Nepal,NW Ridge,,,,Spain,Martin Zabaleta,Basque Expedition to Annapurna IV,False,False,False,False,,,,,False,False,USA,Marshyangdi->Hongde->Sabje Khola,1979-10-11,1979-10-25,,14.0,15.0,1979-10-26,"Illness, AMS, exhaustion, or frostbite",Abandoned at 6900m due to illness (AMS) of Sherpa,6900,False,False,False,4,0,16,0,0,5,0,0,False,False,True,False,False,False,False,False,False,,"BC(11/10,3950m),C1(14/10,4700m),C2(16/10,5400m),C3(22/10,6010m),C4(25/10,6900m),xxx(26/10)","Prunes and Pemba Lama hit by avalanche, Prunes injured wrist and bruises, Pemba Lama injured",,,False,False,False,False,False,,2449211
ANN480301,ANN4,1980,Autumn,Nepal,N Face-E Ridge,,,,W Germany,Franz Kroell,DAV (German Alpine Club),True,False,False,False,"12th,13th",,,,False,False,"Austria, Italy, Switzerland",Dumre->Marshyangdi->Hongde->Sabje Khola,1980-10-11,1980-10-23,,12.0,19.0,1980-10-30,Success (main peak),,7525,False,False,False,4,0,14,5,0,6,2,0,False,False,True,False,False,False,False,True,False,,"BC(11/10,3400m),C1(13/10,4300m),C2(15/10,5050m),C3(20/10,6200m),C4(22/10,6850m),Smt(23,26/10)",,,,False,False,False,False,False,,2449576
ANN481101,ANN4,1981,Spring,Nepal,NW Ridge,,,,W Germany,Franz Kroell,DAV (German Alpine Club),True,False,False,False,14th,,,,False,False,Austria,Marshyangdi->Hongde->Sabje Khola,1981-04-08,1981-04-25,,17.0,,,Success (main peak),,7525,False,False,False,4,1200,7,2,0,3,2,0,False,False,True,False,False,False,False,False,False,,"BC(08/04,3400m),C1(11/04,4300m),C2(12/04,5000m),C3(14/04,6000m),C4(23/04,6700m),Smt(25/04)",,,,False,False,False,False,False,,2449761
ANN481301,ANN4,1981,Autumn,Nepal,NW Ridge,,,,Italy,Arturo Bergamaschi,Italian Expedition Annapurna II-IV (Italian Alpine Club),False,False,False,False,,,,,False,False,,Dumre->Marshyangdi->Pisang->Salatang Khola,1981-09-04,1981-10-10,,36.0,,,"Bad weather (storms, high winds)",Abandoned at 7300m due to high winds,7300,False,False,False,4,0,19,0,0,0,0,0,True,False,True,False,False,False,False,True,False,Attempted Annapurna II (ANN2-813-02),"BC(04/09,3850m),C1(08/09,5260m),C2(18/09,5780m),C3(23,6400m),C4(09/10,6900m),xxx(10/10,7300m)",,,,False,False,True,True,True,ANN281302,2449929
ANN481401,ANN4,1981,Winter,Nepal,N Face-NW Ridge,,,,Canada,Gordon Smith,Canadian Annapurna IV Winter Expedition,True,False,False,False,15th,,,,False,False,UK,Marshyangdi->Hongde->Sabje Khola,1981-11-23,1981-12-22,1500.0,29.0,35.0,1981-12-28,Success (main peak),,7525,False,False,False,3,0,8,3,0,2,0,0,False,False,True,False,False,False,False,False,False,,"BC(23/11,4665m),C1(03/12,5580m),C2(06/12,6020m),C3(21/12,6420m),Smt(22/12)",,,,False,False,False,False,False,,2450002
ANN483101,ANN4,1983,Spring,Nepal,NW Ridge,,,,Japan,Yasumitsu Yamano,Timangchaur Alpine Club Expedition,True,False,False,False,17th,,,,False,False,,Marshyangdi->Pisang->Salatang Khola,1983-04-02,1983-05-09,900.0,37.0,,,Success (main peak),,7525,False,False,False,4,0,4,2,0,1,1,0,False,False,True,False,False,False,False,False,False,,"BC(02/04,3500m),C1(08/04,4300m),C2(21/04,5250m),C3(29/04,6100m),C4(08/05,7000m),Smt(09/05)",Yamamoto evacuated by helicopter with hepatitis (nothing else),,,False,False,False,False,False,,2450552
ANN483301,ANN4,1983,Autumn,Nepal,NW Ridge,,,,Switzerland,Adolf Weissensteiner,Austrian-Swiss Expedition to Annapurna IV,True,False,False,False,18th,,,,False,False,"Austria, France, W Germany",Marshyangdi->Hongde->Sabje Khola,1983-09-25,1983-10-07,1600.0,12.0,15.0,1983-10-10,Success (main peak),,7525,False,False,False,3,0,15,4,0,3,1,0,False,False,True,False,False,False,False,False,False,,"BC(25/09,3750m),ABC(27/09,4500m),C1(29/09,5100m),C2(30/09,5800m),C3(05/10,6300m),Smt(07/10)",,,,False,False,False,False,False,,2450703
ANN484302,ANN4,1984,Autumn,Nepal,NW Ridge,,,,France,Herve Thivierge,Annapurna IV Expedition (French),False,False,False,False,,,,,False,False,"Switzerland, W Germany",Marshyangdi->Hongde->Sabje Khola,1984-09-29,1984-10-06,,7.0,18.0,1984-10-17,"Bad weather (storms, high winds)",Abandoned at 6400m due to bad weather,6400,False,False,False,3,1400,10,0,0,2,0,0,False,False,True,False,False,False,False,False,False,,"BC(29/09,4800m),C1(30/09,5350m),C2(02/10,5700m),C3(06/10,6400m),xxx(06/10)",1 member sick (cause unknown) and left expedition,,,False,False,False,False,False,,2451069
ANN484301,ANN4,1984,Autumn,Nepal,N Face (to 6800m),NW Ridge (to 5300m),,,Italy,Renato Moro,Annapurna IV Expedition 1984 (Italian),False,False,False,False,,,,,False,False,France,Marshyangdi->Hongde->Sabje Khola,1984-09-28,1984-10-06,,8.0,13.0,1984-10-11,"Lack (or loss) of supplies, support or equipment",Abandoned at 6800m due to lack of rope (N Face); at 5300m for lack of time (NW Ridge),6800,False,False,False,2,1000,9,0,0,2,0,0,False,False,True,False,False,False,False,False,False,,"BC(28/09,4300m),C1(01/10,5300m),C2(04/10,6400m),xxx(06/10,6800m); NW-Ridge-C1(08/10,4800m),C2(09/10,5300m),xxx(10/10)",None except one member started getting edema and had to go to Pisang village for few days,,,False,False,False,False,False,,2451069
ANN485301,ANN4,1985,Autumn,Nepal,NW Ridge,,,,France,Phillipe Paumier,ARPE 2nd French Medical Expedition in the Himalaya 1985,False,False,False,False,,,,,False,False,Netherlands,Marshyangdi->Hongde->Sabje Khola,1985-10-05,1985-10-06,,1.0,20.0,1985-10-25,"Bad conditions (deep snow, avalanching, falling ice, or rock)",Abandoned at 5000m due to bad snow conditions,5000,False,False,False,0,0,15,0,0,0,0,1,True,False,True,False,False,False,False,False,False,,"BC(05/10,4750m),Dep(06/10,5000m),xxx(06-07/10)",Mailrunner died of exhaustion and hypothermia (Oct 17),,,False,False,False,False,False,,2451435
ANN486101,ANN4,1986,Spring,Nepal,NW Ridge,,,,Nepal,Gupta Bahadur Rana,Nepal Mountaineering Police,True,False,False,False,19th,,,,False,False,,Marshyandi->Hongde->Sabje Khola,1986-04-08,1986-05-02,,24.0,,,Success (main peak),,7525,False,False,False,3,0,35,6,0,5,0,0,False,False,True,False,False,False,False,False,False,,"BC(08/04,4500m),C1(17/04,5250m),C2(21/04,6000m),C3(29/04,6625m),Smt(02/05)",Moti Lal fell into crevasse (uninjured); Kamel Bhandari suffered frostbitten feet,,NPMAF,False,False,False,False,False,,2451644
ANN486301,ANN4,1986,Autumn,Nepal,NW Ridge,,,,France,Michel Vincent,Jaccoux-Vincent Expedition to Annapurna IV,True,False,False,False,20th,,,,False,False,,Marshyangdi->Hongde->Sabje Khola,1986-10-23,1986-11-07,,15.0,,,Success (main peak),,7525,False,False,False,4,500,9,2,0,2,1,0,False,False,True,False,False,False,False,False,False,,"BC(23/10,4800m),C1(25/10,5300m),C2(27/10,5800m),C3(28/10,6300m),C4(03/11,6700m),Smt(07/11)",1 member hit by stonefall aftr leaving BC (some bones broken),1st French ascent,Sherpa Society,False,False,False,False,False,,2451833
ANN487101,ANN4,1987,Spring,Nepal,NW Ridge,,,,Austria,Harald Nave,Eiselin Sports Annapurna IV Expedition,False,False,False,False,,,,,False,False,"Switzerland, W Germany",Marshyangdi->Hongde->Sabje Khola,1987-04-08,1987-04-23,,15.0,16.0,1987-04-24,"Bad conditions (deep snow, avalanching, falling ice, or rock)","Abandoned at 5700m due to heavy snowfall, avalanche danger",5700,False,False,False,0,0,6,0,0,2,0,0,False,False,True,False,False,False,False,False,False,,"BC(08/04,3800m),ABC(11-12/04,4400m),Dep(15/04,5000m),Biv(23/04,5700m)",,,Mountain Travel,False,False,False,False,False,,2452001
ANN487302,ANN4,1987,Autumn,Nepal,N Ridge-W Ridge,,,,USA,Eric Simonson,1987 American Annapurna IV N Ridge Expedition,False,False,False,False,,,,,False,False,,Marshyangdi->Hongde->Sabje Khola,1987-09-29,1987-10-16,,17.0,20.0,1987-10-19,"Bad weather (storms, high winds)","Abandoned at 6550m due to severe storm, supplies running out",6460,False,False,False,3,600,15,0,0,2,0,0,False,False,True,False,False,False,False,False,False,,"BC(29/09,4665m),C1(02/10,5250m),C2(05/10,5550m),C3(11/10,6250m),xxx(16/10,6460m)",None except member had two teeth knocked out by rock at 6400m at bottom of rock band,,Rover Treks,False,False,False,False,False,,2452177
ANN487301,ANN4,1987,Autumn,Nepal,N Face rib,,,,USA,Steven Brimmer,1987 American Annapurna IV Himalayan Expedition,True,False,False,False,21st,,,,False,False,,Marshyangdi->Hongde->Sabje Khola,1987-09-16,1987-10-10,1515.0,24.0,32.0,1987-10-18,Success (main peak),,7525,False,False,False,3,1600,7,1,0,4,1,0,False,False,True,False,False,False,False,True,False,,"BC(16/09,4725m),C1(01/10,5275m),C2(05/10,5950m),C3(09/10,6950m),Smt(10/10)",Daily intestinal illness; Brimmer pneumonia,New route; 1st American on top,Rover Treks,False,False,False,False,False,,2452171
ANN489301,ANN4,1989,Autumn,Nepal,E Ridge from N,,,,S Korea,Lee Dong-Myung,1989 Yeungnam University Alpine Club Annapurna II & IV Exp,True,False,False,False,22nd,,,,False,False,,Marshyangdi->Pisang->Salatang Khola,1989-08-21,1989-09-20,1130.0,30.0,32.0,1989-09-22,Success (main peak),,7525,False,False,False,3,0,9,2,0,2,1,0,False,False,True,False,False,False,False,False,False,Climbed Annapurna II (ANN2-893-01),"BC(20/08,3800m),ABC(23/08,5200m),C1(03/09,6300m),C2(11/09,7300m),C3(20/09,7400m),Smt(20/09)",Yong-Kyu and Kab-Yong disappeared attempting A-II,,Asian Trekking,False,False,True,False,True,ANN289301,2452884
ANN490301,ANN4,1990,Autumn,Nepal,NW Ridge,,,,France,Herve Thivierge,Annapurna IV Lyon Rhone-Alpes 1990,False,False,False,False,,,,,False,False,,Marshyangdi->Hongde->Sabje Khola,1990-10-04,1990-10-13,,9.0,14.0,1990-10-18,"Bad conditions (deep snow, avalanching, falling ice, or rock)",Abandoned at 6600m due dangerous snow conditions,6600,False,False,False,3,0,12,0,0,5,0,0,False,False,True,False,False,False,False,False,False,,"BC(04/10,4800m),C1(05/10,5400m),C2(07/10,5800m),C3(12/10,6500m),xxx(13/10,6600m)",,,Sherpa Trekking Service (STS),False,False,False,False,False,,2453273
ANN490302,ANN4,1990,Autumn,Nepal,NW Ridge,,,,France,Bernard Clement,Expe Himal A4 - French to Annapurna,False,False,False,False,,,,,False,False,,Marshyangdi->Hongde->Sabje Khola,1990-10-17,1990-10-29,,12.0,15.0,1990-11-01,"Bad conditions (deep snow, avalanching, falling ice, or rock)","Abandoned at 6800m due dangerous snow conditions, lack of time",6800,False,False,False,3,0,10,0,0,3,0,0,False,False,True,False,False,False,False,False,False,,"BC(17/10,4800m),C1(20/10,5300m),C2(22/10,5800m),C3(26/10,6300m),xxx(29/10,6800m)",Berthelemy very sick with cerebral edema (down from C2 to Manang and back to BC),,Thamserku Trekking,False,False,False,False,False,,2453289
ANN490303,ANN4,1990,Autumn,Nepal,NW Ridge,,,,Indonesia,Ms. Aryati,ANNA. Himalaya Putri Patria (Women Heros) Indonesia 1990,True,False,False,False,23rd,,,,False,False,,Marshyangdi->Hongde->Sabje Khola,1990-11-05,1990-11-14,1430.0,9.0,,,Success (main peak),,7525,False,False,False,3,0,8,1,0,7,4,0,False,True,False,True,False,True,False,False,False,,"BC(05/11,4750m),C1(09/11,5380m),C2(11/11,6960m),C3(12/11,7150m),Smt(14/11)",,1st Indonesian on summit; 1st woman on summit,Himalayan Journeys,False,False,False,False,False,,2453305
ANN491101,ANN4,1991,Spring,Nepal,NW Ridge,,,,USA,Richard Salisbury,1991 American Annapurna IV Expedition,False,False,False,False,,,,,False,False,,Marshyangdi->Hongde->Sabje Khola,1991-04-03,1991-04-19,,16.0,17.0,1991-04-20,"Bad weather (storms, high winds)","Abandoned at 5650m due to bad weather, deep snow",5650,False,False,False,1,500,6,0,0,3,0,0,False,False,True,False,False,False,False,False,False,,"BC(03/04,3800m),ABC(04/04,4700m),C1(17/04,5500m),xxx(19/04,5650m)",Nothing serious,,Journeys Mountaineering & Trekking,False,False,False,False,False,,23345122
ANN491301,ANN4,1991,Autumn,Nepal,NW Ridge,,,,Japan,Koichi Sugiyama,Osaka Annapurna IV Expedition,False,False,False,False,,,,,False,False,,Marshyangdi->Hongde->Sabje Khola,1991-08-27,1991-09-05,,9.0,11.0,1991-09-07,"Bad weather (storms, high winds)","Abandoned at 6480m due to constant snowfall, lack of fuel and lack of time",6480,False,False,False,1,0,1,0,0,1,0,0,False,False,True,False,False,False,False,False,False,,"BC(27/08,4550m),C1(03/09,5600m),xxx(05/09,6480m)",,,Cosmo Treks,False,False,False,False,False,,2453601
ANN491302,ANN4,1991,Autumn,Nepal,N Face-NW Ridge,,,,S Korea,Rim Jong-Bum,1991 Autumn Annapurna II & IV Buddhist Expedition,False,False,False,False,,,,,False,False,,Marshyangdi->Hongde->Sabje Khola,1991-09-09,1991-10-09,,30.0,34.0,1991-10-13,"Bad weather (storms, high winds)",Abandoned at 7000m due to high winds,7000,False,False,False,3,0,1,0,0,5,0,0,False,False,True,False,False,False,False,False,False,Permit for Annapurna II (not attempted),"BC(09/09,4650m),C1(16/09,5350m),C2(22/09,6100m),C3(25/09,6500m),xxx(09/10,7000m)",Rinji and Gombu frostbitten toes and fingers but will heal,,Wangdi,False,False,False,False,False,,2453635
ANN491303,ANN4,1991,Autumn,Nepal,NE Ridge,,,,Yugoslavia,Milenko Savic,Belgrade Mountaineering Expedition to Annapurna IV,False,False,False,False,,,,,False,False,,Marshyangdi->Hongde->Sabje Khola,1991-11-01,1991-11-15,,14.0,19.0,1991-11-20,"Bad weather (storms, high winds)","Abandoned at 6500m due to strong winds, cold and snow",6500,False,False,False,3,700,9,0,0,2,0,0,False,False,True,False,False,False,False,False,False,,"BC(01/11,4700m),C1(04/11,5300m),C2(06/11,5800m),C3(12/11,6300m),xxx(15/11,6500m)",1 member with frostbitten fingers and toes; 1 Sherpa with frostbitten fingers,,Everest Trekking,False,False,False,False,False,,2453672
ANN492101,ANN4,1992,Spring,Nepal,NW Ridge,,,,UK,Michael Trueman,British Joint Services Expedition,True,False,False,False,24th,,,,False,False,Germany,Marshyangdi->Hongde->Sabje Khola,1992-03-31,1992-05-05,,35.0,39.0,1992-05-09,Success (main peak),,7525,False,False,False,5,800,12,5,0,0,0,0,True,True,False,False,False,False,True,False,False,Permit for Annapurna II (not attempted),"BC(31/03,3800m),ABC(03/04,4800m),C1(07/04,5100m),C2(10/04,5400m),C3(20/04,6100m),C4(29/04,6484m),C5(03/05,7000m),Smt(05/05)",Dunn and Kuelheim frostbite; Kuelheim with cerebral edema,,Mountain Travel,False,False,False,False,False,,2453845
ANN492301,ANN4,1992,Autumn,Nepal,NW Ridge,,,,S Korea,Goo Hwa-Sub,92 Korea Hyundai Motor Company Annapurna IV Expedition,True,False,False,False,25th,,,,False,False,,Marshyangdi->Hongde->Sabje Khola,1992-09-01,1992-09-21,1340.0,20.0,24.0,1992-09-25,Success (main peak),,7525,False,False,False,3,2100,6,2,0,3,1,0,False,False,True,False,False,False,False,False,False,,"BC(01/09,3900m),ABC(01/09,4250m),C1(04/09,5300m),C2(15/09,6000m),C3(19/09,6700m),Smt(21/09)",None (except snow slide which injured no one),,Universal Trekking Network,False,False,False,False,False,,2453984
ANN492303,ANN4,1992,Autumn,Nepal,NW Ridge,,,,S Korea,Rim Jong-Bum,1992 Autumn Annapurna IV Buddhist Expedition,True,False,False,False,26th,,,,False,False,,Sabje Khola,1992-09-13,1992-09-23,1730.0,10.0,14.0,1992-09-27,Success (main peak),,7525,False,False,False,2,700,1,1,0,4,3,0,False,False,True,False,False,False,False,False,False,,"BC(13/09,4680m),C1(15/09,5500m),C2(19/09,6330m),Smt(23/09)",1 Sherpa with frostbitten toes,,Journeys Mountaineering & Trekking,False,False,False,False,False,,2453986
ANN492302,ANN4,1992,Autumn,Nepal,NW Ridge,,,,Spain,Asier Izagirre,Tolosa Expedition to Annapurna,True,False,False,False,27th,,,,False,False,,Marshyangdi->Hongde->Sabje Khola,1992-09-04,1992-09-24,,20.0,23.0,1992-09-27,Success (main peak),,7525,False,False,False,3,0,6,4,0,1,0,0,False,False,True,False,False,False,False,False,False,,"BC(04/09,4700m),C1(08/09,5400m),C2(14/09,6000m),C3(23/09,6400m),Smt(24/09)",,,Kunga,False,False,False,False,False,,2453987
ANN492304,ANN4,1992,Autumn,Nepal,NW Ridge,,,,Japan,Satoshi Ikenuma,Japanese Alpine Club Tokai Branch Annapurna IV Expedition,False,False,False,False,,,,,False,False,,,1992-09-16,1992-10-02,,16.0,22.0,1992-10-08,"Bad weather (storms, high winds)",Abandoned at 6400m due to bad weather,6400,False,False,False,3,0,6,0,0,5,0,0,False,False,True,False,False,False,False,False,False,"Climbed Pisang Peak (Ikenuma, Kato, Kondo and Morimoto)","BC(16/09,4600m),C1(23/09,5200m),C2(29/09,6000m),C3(02/10,6400m),xxx(03/10,6400m)",Kato had stomach trouble,,Himalayan Journeys,False,False,False,False,False,,2453995
MAKA88101,MAKA,1988,Spring,Nepal,W Pillar up; NW Ridge down,,,,France,Marc Batard,Makalu 1988,True,False,False,False,27th,,,,False,False,,,1988-04-06,1988-04-27,945.0,21.0,,,Success (main peak),,8485,True,False,False,2,0,1,1,0,2,0,0,False,False,True,False,False,False,False,False,False,,"BC(06/04,4950m),C1(12/04,6550m),C2(19/04,7350m),Smt(27/04)",Ongel Sherpa fell 7-10m in snow when rope broke near C2 but not injured,1st 'solo' of W Pillar and 1st solo 1st traverse,Thamserku Trekking,False,False,False,False,False,,2450257
MAKA88103,MAKA,1988,Spring,Nepal,Makalu La-NW Ridge,,,,W Germany,Sigi Hupfauer,German Makalu Expedition 1988,False,False,False,False,,,,,False,False,Switzerland,,1988-04-13,1988-05-08,,25.0,38.0,1988-05-21,"Bad weather (storms, high winds)",Abandoned at 7800m due to bad weather,7800,False,False,False,4,0,9,0,0,2,0,0,False,False,True,False,False,False,False,False,False,,"BC(13/04,5350m),C1(16/04,6050m),C2(21/04,6800m),C3(30/04,7400m),C4(08/05,7800m),xxx(08/05,7800m)",,,International Trekkers (Intrek Asia),False,True,False,False,False,,2450268
MAKA88102,MAKA,1988,Spring,Nepal,Makalu La-NW Ridge,,,,Italy,Savio Giacomelli,Valcamonica Expedition to Makalu,False,False,False,False,,,,,False,False,,,1988-04-07,1988-05-03,,26.0,29.0,1988-05-06,Lack of time,Abandoned at 8300m due to lack of time (fixed end date),8300,False,False,False,4,0,9,0,0,1,0,0,False,False,True,False,False,False,False,False,False,,"BC(07/04,5400m),C1(12/04,6000m),C2(22/04,6800m),C3(25/04,7400m),C4(02/05,7800m),xxx(03/05,8300m)",Ducoli frostbitten fingers and toes (will lose a little of toe); Giacomelli altitude sickness,,International Trekkers (Intrek Asia),False,True,False,False,False,,2450263
KANG88101,KANG,1988,Spring,Nepal,N Ridge,,,,USA,Carlos Buhler,1988 American Kangchenjunga Expedition,True,False,False,False,25th,,,,False,False,"Austria, Spain",,1988-04-03,1988-05-03,930.0,30.0,,,Success (main peak),,8586,False,False,False,4,0,5,3,0,2,0,0,False,False,True,False,False,False,False,True,False,,"BC(03/04,5000m),C1(08/04,5800m),C2(20/04,6400m),C3(01/05,7300m),C4(02/05,7600m),Smt(03/05)",2 Sherpas broke ribs when avalanche hit C2 on night of May 3; Buhler frostbite; Habeler and Zabaleta illness,1st American ascent,Mountain Travel,False,False,False,False,False,,2449813
KANG88102,KANG,1988,Spring,Nepal,N Ridge,,,,Spain,Felipe Uriarte Camara,Kangchenjunga Basque Expedition,False,False,False,False,,,,,False,False,,,1988-04-06,1988-05-20,,44.0,53.0,1988-05-29,"Bad weather (storms, high winds)",Abandoned at 7800m due to bad weather and exhaustion,7800,False,False,False,4,0,4,0,0,2,0,0,False,False,True,False,False,False,False,False,False,,"BC(06/04,5000m),C1(08/04,5640m),C2(20/04,6400m),C3(02/05,7300m),C4(20/05,7800m),xxx(20/05,7800m)",,,Kunga,False,False,False,False,False,,2449830
KANG88103,KANG,1988,Spring,Nepal,SW Face,,,,India,Vasant Limaye,Indian Kangchenjunga Spring 1988,False,False,False,False,,,,,False,False,,,1988-03-24,1988-04-15,,22.0,52.0,1988-05-15,"Route technically too difficult, lack of experience, strength, or motivation",Abandoned at 8450m due to lack of enough strong climbers,8450,False,False,False,6,0,23,0,1,9,0,0,False,True,False,True,True,True,False,False,False,,"BC(24/03,5550m),C1(08/04,5975m),C2(11/04,6240m),C3(25/04,6400m),C4(27/04,7225m),C5(09/05,7715m),C6(11/05,8050m),xxx(15/05,8450m)",Death of Sanjay Borole due to hypothermia and exhaustion,1st Indian civilians above 8000m,Lamjung,False,True,False,False,False,,2449795
MAKA88104,MAKA,1988,Spring,Nepal,W Face,,,,Switzerland,Erhard Loretan,Swiss Makalu W Face Expedition 1988,False,False,False,False,,,,,False,False,,Nun,,,,,,,Did not reach base camp,Did not reach BC,0,False,False,False,0,0,2,0,0,0,0,0,True,False,True,False,False,False,False,False,False,,,Troillet broken leg on approach,,Asian Trekking,False,False,False,False,False,,2978
AMAD88101,AMAD,1988,Spring,Nepal,SW Ridge,,,,UK,Peter Hill,British Ama Dablam Expedition,False,False,False,False,,,,,False,False,,,1988-03-22,1988-04-10,,19.0,,,"Bad conditions (deep snow, avalanching, falling ice, or rock)",Abandoned at 5770m bad conditions and low supplies,5770,False,False,False,1,0,4,0,0,2,0,0,False,False,True,False,False,False,False,False,False,,"BC(22/03,4620m),ABC(26/03,5100m),C1(05/04,5700m),xxx(10/04,5770m),xxx(10/04,5770m)",Hill cracked ribs; Hewitt altitude sickness,,Mountain Travel,True,False,False,False,False,,2452085
AMAD88102,AMAD,1988,Spring,Nepal,SW Ridge,,,,Canada,Stephen Robert Langley,Canadian Ama Dablam Expedition,False,False,False,False,,,,,False,False,USA,,1988-03-23,1988-04-15,,23.0,25.0,1988-04-17,"Bad conditions (deep snow, avalanching, falling ice, or rock)",Abandoned at 6520m due to avalanching,6520,False,False,False,3,0,6,0,1,0,0,0,True,False,True,False,False,False,False,False,False,,"BC(25/03,4900m),C1(29/03,5760m),C2A(03/04,5940m),C2B(06/04,6000m),C3(14/04,6300m),xxx(15/04,6520m)",,,Mountain Travel,True,False,False,False,False,,2452090
BARU88102,BARU,1988,Spring,Nepal,N Ridge from E,,,,USA,James Brug,American Baruntse Expedition,False,False,False,False,,,,,False,False,,Arun Valley->Shipton La,1988-04-25,1988-05-07,,12.0,,,Lack of time,Abandoned at 6500m due to lack of time and lack of fixed rope,6500,False,False,False,4,200,6,0,0,5,0,0,False,False,True,False,False,False,False,False,False,,"BC(25/04,5000m),C1(28/04,5200m),C2(30/04,5400m),C3(02/05,5500m),C4(05/05,6200m),xxx(07/05,6500m)",Nothing serious,,Sherpa Cooperative Trekking (SCT),False,False,False,False,False,,2452517
BARU88101,BARU,1988,Spring,Nepal,SE Ridge,,,,Australia,John Finnigan,Australian Baruntse Expedition 1988,False,False,False,False,,,,,False,False,"New Zealand, UK, USA",,1988-04-20,1988-05-10,,20.0,27.0,1988-05-17,"Bad conditions (deep snow, avalanching, falling ice, or rock)",Abandoned at 7070m due to bad snow conditions,7070,False,False,False,3,0,10,0,0,4,0,0,False,True,False,False,False,False,True,False,False,1 minor peak,"BC(20/04,5200m),ABC(22/04,5500),C2(28/04,6250m),C3(01/05,6300m),C4(08/05,6830m),xxx(10-13/05,7070m)",Finnigan exhaustion at end (collapsed trying to descend to BC),1st Australian attempt,Kunga,False,False,False,False,False,,2452520
CHAM88101,CHAM,1988,Spring,Nepal,N Face-NE Ridge-E Summit,,,,Netherlands,Frederike Bloemers,Rosta Women's Expedition 1988,False,False,False,False,"2nd,3rd of E Summit",,,,False,False,,Arun Valley->just before Shershon,1988-04-17,1988-05-10,,23.0,,,"Success (subpeak, foresummit)",,7290,False,False,False,3,350,6,0,0,2,0,0,False,False,True,False,False,False,False,True,False,,"BC(17/04,4850m),ABC(20/04,5465m),C1(22/04,5750m),C2(29/04,6130m),C3(09/05,6720m),E-Smt(10-11/05)",,1st women to East Summit,Summit Nepal Trekking,False,False,False,False,False,,2452565
KUSU88101,KUSU,1988,Spring,Nepal,NE Ridge-N Smt,N Face,,,Czechoslovakia,Jan Krajcik,Kusum Kanguru-Spring 1988,False,False,False,False,,,,,False,False,UK,,1988-04-10,1988-04-23,,13.0,18.0,1988-04-28,Lack of time,Abandoned at 6300m due to lack of time,6300,False,False,False,0,0,6,0,0,0,0,0,True,False,True,False,False,False,False,False,False,,"BC(10/04,4374m),Biv(15/04,4800m),xxx(23/04,6300m)",All had viruses,,,False,False,False,False,False,,2449893
LSHR88101,LSHR,1988,Spring,Nepal,S Ridge-SE Ridge,,,,Spain,Mari Abrego Santesteban,Agni Lhotse Shar Expedition Himalaya 1988,False,False,False,False,,,,,False,False,,,1988-04-02,1988-05-12,,40.0,48.0,1988-05-20,"Bad weather (storms, high winds)",Abandoned at 7400m due to bad weather,7400,False,False,False,4,0,5,0,0,1,0,0,False,False,True,False,False,False,False,False,False,,"BC(02/04,5200m),C1(07/04,5700m),C2(27/04,6200m),C3(04/05,6800m),C4(12/05,7300m),xxx(12/05,7400m)",,,Nepal Himalaya,False,False,False,False,False,,2450137
CHOY88102,CHOY,1988,Spring,China,W Ridge-W Face,,,,Switzerland,John Kimber,Cho Oyu Swiss Expedition 1988,False,False,False,False,,,,,False,False,,,1988-04-07,1988-04-29,,22.0,,,"Lack (or loss) of supplies, support or equipment",Abandoned at 7600m due to lack of supplies and food,7600,False,False,False,4,0,5,0,0,6,0,0,False,False,True,False,False,False,False,False,False,,"BC(07/04,5000m),Dep(13/04,5200m),C1(19/04,5700m),C2.ABC(21/04,6000m),C3(23/04,6600m),C4(25/04,7100m),xxx(29-30/04,7600m)",None serious except one bad sinusitis.,,Yeti Mountaineering & Trekking,True,True,False,False,False,,2452959
CHOY88105,CHOY,1988,Spring,China,W Ridge-W Face from N,,,,USA,Keith Brown,American-Australian Cho Oyu Swiss Spring 1988,False,False,False,False,,,,,False,False,Australia,,1988-04-27,1988-05-08,,11.0,18.0,1988-05-15,"Bad weather (storms, high winds)",Abandoned at 7600m due to bad weather,7600,False,False,False,6,0,2,0,0,0,0,0,True,False,True,False,False,False,False,False,False,,"BC(27/04,5700m),C1(01/05,6200m),C2(02/05,6700m),C3(05/05,7000m),C4(06/05,7200m),C5(07/05,7450m),C6(08/05,7600m),xxx(08/05,7600m)",,,,True,True,False,False,False,,2452968
CHOY88104,CHOY,1988,Spring,China,W Ridge-W Face from N,,,,W Germany,Gerhard Schmatz,German-Swiss Cho Oyu Spring 1988,True,False,False,False,"45th,46th",,,,False,False,Switzerland,Zhangmu->Nyalam->Tingri->Kyetrak (Chinese BC) & BC,1988-04-20,1988-05-10,1500.0,20.0,,,Success (main peak),,8188,False,False,False,3,0,4,3,1,0,0,0,True,False,True,False,False,False,False,False,False,,"BC(20/04,5400m),C1(25/04,6300m),C2(27/04,6700m),C3(09/05,7350m),Smt(10-11/05)",Woerner stranded at C3 with AMS,,,True,True,False,False,False,,2452970
CHOY88101,CHOY,1988,Spring,China,W Ridge-W Face,,,,UK,Alan Hunt,Cho Oyu SW Ridge,True,False,False,False,42nd,,,,False,False,Ireland,,1988-04-03,1988-04-30,1700.0,27.0,,,Success (main peak),,8188,False,False,False,6,0,6,1,0,1,0,0,False,False,True,False,False,False,False,False,False,,"BC(03/04,5400m),BC2(18/04,5400m),ABC(21/04,6000m),C1(24/04,6400m),C2(25/04,6700m),C3(27/04,7100m),C4(29/04,7600m),Smt(30/04)",Altitude sickness (Hunt) and slight frostbite,,Atlas,True,True,False,False,False,,2452960
CHOY88103,CHOY,1988,Spring,China,W Ridge-W Face from N,,,,Italy,Oreste Forno,Italian Cho Oyu Spring 1988,True,False,False,False,"43rd,44th",,,,False,False,,Zhangmu->Nyalam->Tingri->BC,1988-04-14,1988-05-01,1600.0,17.0,28.0,1988-05-12,Success (main peak),,8188,False,False,False,3,0,8,4,0,4,0,0,False,False,True,False,False,False,False,True,False,,"BC(14/04,4860m),ABC(20/04,5350m),C1(21/04,6000m),C2(24/04,6500m),C3(30/04,7000m),Smt(01-02/05)",Forno slight frostbite on left foot; Benzoni and Gianola altitude sickness,,,True,True,False,False,False,,2452961
CHOY88106,CHOY,1988,Spring,China,W Ridge-W Face from N,,,,W Germany,Guenther Haerter,Shisma Pangma/Cho Oyu Tibet Expedition 1988,True,False,False,False,"47th,48th",,,,False,False,"Austria, Netherlands",From Xixabangma BC by truck same day,1988-05-25,1988-05-30,,5.0,,,Success (main peak),,8188,False,False,False,0,0,27,6,0,0,0,0,True,False,True,False,False,False,False,False,False,Climbed Xixabangma,"BC(25/05,4850m),Biv1(5300m),Biv2(5900m),Biv3(6600m),Biv4(7300m),Smt(30/05,03/06)",,,,True,True,False,False,False,,2452990
KTEG88101,KTEG,1988,Spring,Nepal,SE Face,,,,Japan,Koji Murakami,Orio Alpine Club Kang-Taiga Expedition 1988,False,False,False,False,,,,,False,False,,,1988-04-06,1988-04-13,,7.0,12.0,1988-04-18,"Bad conditions (deep snow, avalanching, falling ice, or rock)","Abandoned at 6100m due to snowfall, avalanching, insufficient equipment in alpine-style attempt",6100,False,False,False,0,0,3,0,0,0,0,0,True,False,True,False,False,False,False,False,False,,"BC(06/04,4900m),Biv1(11/04,5200m),Biv2(12/04,5800m),xxx(13/04,6100m)",Maeda bad altitude sickness at BC and did no climbing,,Dream Trekking,False,False,False,False,False,,2449883
PUMO88101,PUMO,1988,Spring,Nepal,SW Ridge,,,,USA,John Tuckey,American Pumori Expedition,True,False,False,False,34th,,,,False,False,,,1988-04-04,1988-04-18,,14.0,,,Success (main peak),,7138,False,False,False,3,0,4,2,1,0,0,0,True,False,True,False,False,False,False,False,False,,"BC(04/04,5400m),C1(11/04,5800m),C2(12/04,6100m),C3(13/04,6250m),Bivseries(14-17/04),Biv(18/04,7120m),Smt(18/04)",Tuckey frostbite; White chest infection; both White and Kopal stopped climbing early as both not feeling well; Leibundgut fatal fall,,Sherpa Trekking Service (STS),False,False,False,False,False,,2450698
PUMO88102,PUMO,1988,Spring,Nepal,E(NE) Ridge,,,,Indonesia,Gunawan,Wandari Indonesian Himalayan Expedition,True,False,False,False,35th,,,,False,False,,,1988-04-06,1988-04-26,1800.0,20.0,,,Success (main peak),,7138,False,False,False,2,0,7,3,0,4,2,0,False,False,True,False,False,False,False,False,False,,"BC(06/04,5340m),C1(11/04,6000m),C2(18/04,6500m),Smt(26/04)",Frostbite only; Gunawan and Djuandi began getting frostbite on summit & during descent but will be OK; Nandang Syamsudin very slight frostbite; Sherpas none,1st Indonesian ascent of any expedition peak; 1st woman from Indonesia to 7000m,Sherpa Trekking Service (STS),False,False,False,False,False,,2450706
TAWO88101,TAWO,1988,Spring,Nepal,E Ridge/E Face,,,,UK,Andrew Black,British Tawoche Expedition,False,False,False,False,,,,,False,False,,,1988-04-05,1988-04-15,,10.0,13.0,1988-04-18,"Bad weather (storms, high winds)","Abandoned at 6400m due to poor weather, team not strong",6400,False,False,False,3,0,4,0,0,0,0,0,True,False,True,False,False,False,False,False,False,,"BC(05/04,4900m),Biv1(12/04,5650m),Biv2(13/04,5800m),C3(14/04,6100m),xxx(15/04,6400m)",Nothing serious,,Mountain Travel,False,False,False,False,False,,2450830
ANNS88101,ANNS,1988,Spring,Nepal,Central Spur of S Face,,,,USA,William Silva,American Annapurna S 1988,False,False,False,False,,,,,False,False,UK,Chomrong,1988-04-05,1988-05-07,,32.0,,,"Lack (or loss) of supplies, support or equipment",Abandoned at 6100m due to lack of food supplies,6100,False,False,False,4,0,4,0,0,0,0,0,True,False,True,False,False,False,False,False,False,,"BC(05/04,3700m),ABC(20/04,3600m),C1(24/04,4360m),C2(30/04,5200m),C3(05/05,5600m),C4(07/05,5850m),xxx(07-08/05,6100m)","Andrasko carried 500m down by avalanche on 27 April at 4200m, but only bruised and scratched",New route in unexplored cirque,Jai Himal Trekking,False,False,False,False,False,,2452382
ANN188101,ANN1,1988,Spring,Nepal,S Face,,,,France,Benoit Chamoux,L'Esprit d'Equipe (Team Spirit),True,False,False,False,19th,,,,False,False,"Czechoslovakia, Italy, USA",,1988-04-10,1988-05-10,930.0,30.0,,,Success (main peak),,8091,False,False,False,4,1400,7,5,0,4,0,0,False,False,True,False,False,False,False,False,False,,"BC(10/04,4100m),C1(12/04,4800m),C2(14/04,6100m),C3(27/04,6850m),C4(08/05,7300m),Smt(10/05)",None except Rakoncaj paratyphoid,1st Czech and US main summit,Trekking International,False,False,False,False,False,,2452295
ANN188102,ANN1,1988,Spring,Nepal,N Face,,,,Mexico,Roberto Morales,Mexican Expedition to Annapurna,False,False,False,False,,,,,False,False,,Kali Gandaki,,,,,,,Did not reach base camp,Did not reach BC,0,False,False,False,0,0,5,0,0,0,0,0,True,False,True,False,False,False,False,False,False,,,,,Asian Trekking,False,True,False,False,False,,5003
CHRE88101,CHRE,1988,Spring,Nepal,SW Ridge from SE Face,,,,S Korea,Ji Hoon-Gu,1988 Korea Alpine Club Chung-Dong Churen Himal Expedition,True,False,False,False,2nd,,,,False,False,,Kaphe Khola,1988-03-27,1988-05-07,1020.0,41.0,,,Success (main peak),,7371,False,False,False,6,0,7,2,1,2,0,0,False,False,True,False,False,False,False,False,False,,"BC(27/03,4750m),C1(31/03,5370m),C2(07/04,5760m),C3(10/04,6310m),C4(17/04,6610m),C5A(20/04,6820m),C5B(26/04,6680m),C6(05/05,7210m),Smt(07/05)",Kwon killed in crevasse; 1 porter carrying to C1 injured by falling stone,1st Korean ascent perhaps (not sure about 1970 Spring),Adventure Nepal,False,False,False,False,False,,2453057
GAN288101,GAN2,1988,Spring,Nepal,NE Face (to 6100m),NE Spur,,,UK,Julian Mathias,British Ganesh Expedition 1988,False,False,False,False,,,,,False,False,USA,Buri Gandaki->Shar Khola->Tarogampa Khola,1988-03-23,1988-04-08,,16.0,23.0,1988-04-15,"Bad conditions (deep snow, avalanching, falling ice, or rock)","Abandoned at 6100m due to snowfall, avalanching, bad visibility and poor health",6100,False,False,False,2,0,4,0,0,0,0,0,True,False,True,False,False,False,False,False,False,,"BC(23/03,4570m),C1(28/03,5180m),C2(04/04,5790m),xxx(08/04,6100m)",Mothersele serious bronchitis,1st British and Americans on Ganesh II,Sherpa Society,False,False,False,False,False,,2449563
MANA88101,MANA,1988,Spring,Nepal,NE Face,,,,Poland,Andrzej Machnik,Manaslu NE Face Direct 1988,False,False,False,False,,,,,False,False,Canada,,1988-03-07,1988-03-09,,2.0,9.0,1988-03-16,"Bad conditions (deep snow, avalanching, falling ice, or rock)",Abandoned at 5400m due to heavy snowfall,5400,False,False,False,0,0,2,0,0,0,0,0,True,False,True,False,False,False,False,False,False,,"BC(07/03,4400m),Biv1(08/03,5000m),Biv2(09/03,5400m),xxx(09,16/03,5400m)",,,Himalayan Agency,True,True,False,False,False,,2450433
MANA88103,MANA,1988,Spring,Nepal,NE Face,,,,Italy,Roberto Pe,Manaslu VCO Expedition 1988,False,False,False,False,,,,,False,False,,,1988-04-04,1988-05-01,,27.0,,,"Bad conditions (deep snow, avalanching, falling ice, or rock)",Abandoned at 7050m due to dangerous snow conditions,7050,False,False,False,4,0,8,0,0,1,0,0,False,False,True,False,False,False,False,False,False,,"BC(04/04,3850m),C1(06/04,5050m),C2(08/04,5600m),C3(09/04,6500m),C4(01/05,7050m),xxx(01/05,7050m)",,,Trekking International,True,True,False,False,False,,2450486
MANA88102,MANA,1988,Spring,Nepal,E Ridge-NE Face,,,,Switzerland,Anton (Toni) Spirig,Swiss Manaslu Expedition 1988,True,False,False,False,29th,,,,False,False,,,1988-04-03,1988-05-01,1320.0,28.0,,,Success (main peak),,8163,False,False,False,2,0,7,3,0,0,0,0,True,False,True,False,False,False,False,False,False,,"BC(03/04,4500m),C1(08/04,5900m),C2(13/04,6750m),Biv(30/04,7500m),Smt(01/05)",,1st Swiss woman to 8000m summit,Asian Trekking,False,False,False,False,False,,2450486
PUTH88101,PUTH,1988,Spring,Nepal,S Ridge,,,,USA,Hooman Aprin,American Putha Hiunchuli 1988,False,False,False,False,,,,,False,False,,Berni->GurjaKarni->straigt N and NW into Kaphe Khola,1988-04-09,1988-05-01,,22.0,27.0,1988-05-06,"Bad conditions (deep snow, avalanching, falling ice, or rock)",Abandoned at 6300m due to avalanche threat to route,6300,False,False,False,3,900,9,0,0,1,0,0,False,False,True,False,False,False,False,False,False,,"BC(09/04,4630m),C1(19/04,5425m),C2(24/04,5600m),C3(05/05,5910m),xxx(01/05,6300m)",,,Summit Nepal Trekking,False,False,False,False,False,,2450756
CTSE88101,CTSE,1988,Spring,China,N Face,,,,UK,"Shaun Norman, Mike Perry",Shaun Norman Changtse Spring 1988,False,False,False,False,,,,,False,False,New Zealand,,,,,,,,Other,Termination reason unknown,7100,False,False,False,0,0,5,0,0,0,0,0,True,True,False,False,False,False,False,False,False,,xxx(7100m),,,,False,False,False,False,False,,5813
AMAD88401,AMAD,1988,Winter,Nepal,SW Ridge,,,,S Korea,Kim Young-Ju,Korean Bong Am Alpine Club Ama Dablam Expedition Winter 1988-89,True,False,False,False,"65th,66th",,,,False,False,,,1988-11-27,1988-12-16,1250.0,19.0,,,Success (main peak),,6814,False,False,False,2,0,3,3,0,1,0,0,False,False,True,False,False,False,False,False,False,,"BC(27/11,4500m),C1(09/12,5820m),C2(12/12,6170m),Biv(16/12,6300m),Smt(16-17/12)",Bong slight frostbite his toes,,,True,False,False,False,False,,2452335
AMAD88402,AMAD,1988,Winter,Nepal,SW Ridge,,,,France,Marc Batard,Batard Ama Dablam Expedition,True,False,False,False,61st-64th,,,,False,False,"Belgium, Italy, Spain, USA",,1988-11-29,1988-12-04,,5.0,11.0,1988-12-10,Success (main peak),,6814,False,False,False,2,0,16,11,0,9,5,0,False,False,True,False,False,False,False,False,False,Island Peak,"BC(29/11,4600m),C1(01/12,5400m),C2(02/12,6100m),Smt(04,06-08/12)",,,,True,False,False,False,False,,2452323
ANN188401,ANN1,1988,Winter,Nepal,S Face,,,,Bulgaria,Metodi Stefanov Savov,Annapurna I Bulgarian Winter Expedition 1988,False,False,False,False,,,,,False,False,,,1988-11-07,1988-12-14,,37.0,63.0,1989-01-09,"Bad conditions (deep snow, avalanching, falling ice, or rock)",Abandoned at 6800m due to deep snow,6800,False,False,False,2,0,8,0,0,2,0,0,False,False,True,False,False,False,False,False,False,,"BC(07/11,4150m),ABC(02/12,5100m),C1(06/12,5600m),C2(12/12,6600m),xxx(14/12,6800m)",Ang Kami fell and injured leg but OK after 1 week; Tomov kidney attack in Nov and went home,,,False,False,False,False,False,,2452513
CHOY88401,CHOY,1988,Winter,Nepal,SE Face,,,,Japan,Kiyoshi Ishii,Masaki Matsumoto Cho Oyu Winter Expedition,False,False,False,False,,,,,False,False,,,1989-01-15,1989-01-16,,1.0,2.0,1989-01-17,"Bad weather (storms, high winds)","Abandoned at 5700m due to wind, deep snow and lack of time",5700,False,False,False,0,0,2,0,0,1,0,0,False,False,True,False,False,False,False,False,False,,"BC(15/01,5300m),xxx(16/01,5700m)",,,,False,False,False,False,False,,2453221
NEMJ88401,NEMJ,1988,Winter,Nepal,W Ridge,,,,Japan,Yoshida Kazumi,NTT Kyushu Alpine Club Himlung Expedition,False,False,False,False,,,,,False,False,,Dudh Khola->Hampuk & small stream N of Hampuk,1988-11-19,1988-12-17,,28.0,32.0,1988-12-21,"Bad weather (storms, high winds)",Abandoned at 6650m due to bad weather conditions,6650,False,False,False,4,0,8,0,0,2,0,0,False,False,True,False,False,False,False,False,False,,"BC(19/11,4050m),C1(25/11,4600m),C2(08/12,5400m),C3(12/12,6000m),C4(15/12,6350m),xxx(17/12,6650m)",Moti Lal frostbitten cheeks and nose; some climbers hit by rock but not hurt,,,False,False,False,False,False,,2450761
